{
    "pages": [
        {
            "page_idx": 0,
            "dimensions": [
                225,
                225
            ],
            "orientation": {
                "value": null,
                "confidence": null
            },
            "language": {
                "value": null,
                "confidence": null
            },
            "blocks": [
                {
                    "geometry": [
                        [
                            0.041015625,
                            0.0908203125
                        ],
                        [
                            0.67578125,
                            0.1982421875
                        ]
                    ],
                    "lines": [
                        {
                            "geometry": [
                                [
                                    0.041015625,
                                    0.0908203125
                                ],
                                [
                                    0.67578125,
                                    0.1982421875
                                ]
                            ],
                            "words": [
                                {
                                    "value": "\u0986\u09b2\u09be\u09b0",
                                    "confidence": 0.7533177733421326,
                                    "geometry": [
                                        [
                                            0.041015625,
                                            0.1064453125
                                        ],
                                        [
                                            0.216796875,
                                            0.1875
                                        ]
                                    ]
                                },
                                {
                                    "value": "\u0985\u09ad\u09bf\u09ae\u09be\u09a8",
                                    "confidence": 0.6571589112281799,
                                    "geometry": [
                                        [
                                            0.21875,
                                            0.0908203125
                                        ],
                                        [
                                            0.478515625,
                                            0.18359375
                                        ]
                                    ]
                                },
                                {
                                    "value": "\u09a6\u09cd\u09b0\u09be\u09a3\u09bf",
                                    "confidence": 0.5240088105201721,
                                    "geometry": [
                                        [
                                            0.4853515625,
                                            0.09375
                                        ],
                                        [
                                            0.67578125,
                                            0.1982421875
                                        ]
                                    ]
                                }
                            ]
                        }
                    ],
                    "artefacts": []
                },
                {
                    "geometry": [
                        [
                            0.095703125,
                            0.2724609375
                        ],
                        [
                            0.16015625,
                            0.3017578125
                        ]
                    ],
                    "lines": [
                        {
                            "geometry": [
                                [
                                    0.095703125,
                                    0.2724609375
                                ],
                                [
                                    0.16015625,
                                    0.3017578125
                                ]
                            ],
                            "words": [
                                {
                                    "value": "\u09fb",
                                    "confidence": 0.5536381006240845,
                                    "geometry": [
                                        [
                                            0.095703125,
                                            0.275390625
                                        ],
                                        [
                                            0.1279296875,
                                            0.2998046875
                                        ]
                                    ]
                                },
                                {
                                    "value": "\u099f\u09be",
                                    "confidence": 0.708136260509491,
                                    "geometry": [
                                        [
                                            0.1220703125,
                                            0.2724609375
                                        ],
                                        [
                                            0.16015625,
                                            0.3017578125
                                        ]
                                    ]
                                }
                            ]
                        }
                    ],
                    "artefacts": []
                },
                {
                    "geometry": [
                        [
                            0.4853515625,
                            0.2392578125
                        ],
                        [
                            0.7841796875,
                            0.333984375
                        ]
                    ],
                    "lines": [
                        {
                            "geometry": [
                                [
                                    0.4853515625,
                                    0.2392578125
                                ],
                                [
                                    0.7841796875,
                                    0.333984375
                                ]
                            ],
                            "words": [
                                {
                                    "value": "\u0995\u09b0\u09c7-\u09a8\u09be\u09b0\u0964",
                                    "confidence": 0.4308117628097534,
                                    "geometry": [
                                        [
                                            0.4853515625,
                                            0.2392578125
                                        ],
                                        [
                                            0.7841796875,
                                            0.333984375
                                        ]
                                    ]
                                }
                            ]
                        }
                    ],
                    "artefacts": []
                },
                {
                    "geometry": [
                        [
                            0.06640625,
                            0.3447265625
                        ],
                        [
                            0.2958984375,
                            0.42578125
                        ]
                    ],