{
    "pages": [
        {
            "page_idx": 0,
            "dimensions": [
                306,
                582
            ],
            "orientation": {
                "value": null,
                "confidence": null
            },
            "language": {
                "value": null,
                "confidence": null
            },
            "blocks": [
                {
                    "geometry": [
                        [
                            0.701171875,
                            0.12890625
                        ],
                        [
                            0.7626953125,
                            0.16796875
                        ]
                    ],
                    "lines": [
                        {
                            "geometry": [
                                [
                                    0.701171875,
                                    0.12890625
                                ],
                                [
                                    0.7626953125,
                                    0.16796875
                                ]
                            ],
                            "words": [
                                {
                                    "value": "\u06c1\u06be\u06c1\u0645",
                                    "confidence": 0.28572791814804077,
                                    "geometry": [
                                        [
                                            0.701171875,
                                            0.12890625
                                        ],
                                        [
                                            0.7626953125,
                                            0.16796875
                                        ]
                                    ]
                                }
                            ]
                        }
                    ],
                    "artefacts": []
                },
                {
                    "geometry": [
                        [
                            0.7890625,
                            0.109375
                        ],
                        [
                            0.9697265625,
                            0.1962890625
                        ]
                    ],
                    "lines": [
                        {
                            "geometry": [
                                [
                                    0.7890625,
                                    0.109375
                                ],
                                [
                                    0.9697265625,
                                    0.1962890625
                                ]
                            ],
                            "words": [
                                {
                                    "value": "\u0639\u062c\u0627\u0648\u062b",
                                    "confidence": 0.5187878012657166,
                                    "geometry": [
                                        [
                                            0.7890625,
                                            0.109375
                                        ],
                                        [
                                            0.9169921875,
                                            0.1962890625
                                        ]
                                    ]
                                },
                                {
                                    "value": "\u06c1\u06be",
                                    "confidence": 0.4056081771850586,
                                    "geometry": [
                                        [
                                            0.9365234375,
                                            0.146484375
                                        ],
                                        [
                                            0.9697265625,
                                            0.1923828125
                                        ]
                                    ]
                                }
                            ]
                        }
                    ],
                    "artefacts": []
                },
                {
                    "geometry": [
                        [
                            0.58984375,
                            0.373046875
                        ],
                        [
                            0.6494140625,
                            0.4345703125
                        ]
                    ],
                    "lines": [
                        {
                            "geometry": [
                                [
                                    0.62890625,
                                    0.373046875
                                ],
                                [
                                    0.6494140625,
                                    0.390625
                                ]
                            ],
                            "words": [
                                {
                                    "value": "\u0621\u064e\u0651\u0652",
                                    "confidence": 0.3545868694782257,
                                    "geometry": [
                                        [
                                            0.62890625,
                                            0.373046875
                                        ],
                                        [
                                            0.6494140625,
                                            0.390625
                                        ]
                                    ]
                                }
                            ]
                        },
                        {
                            "geometry": [
                                [
                                    0.58984375,
                                    0.421875
                                ],
                                [
                                    0.6103515625,
                                    0.4345703125
                                ]
                            ],
                            "words": [
                                {
                                    "value": "\u06af\u06a9\u06c1\u0645",
                                    "confidence": 0.5559492111206055,
                                    "geometry": [
                                        [
                                            0.58984375,
                                            0.421875
                                        ],
                                        [
                                            0.6103515625,
                                            0.4345703125
                                        ]
                                    ]
                                }
                            ]
                        }
                    ],
                    "artefacts": []
                },
                {
                    "geometry": [
                        [
                            0.330078125,
                            0.51953125
                        ],
                        [
                            0.935546875,
                            0.6875
                        ]
                    ],