{
    "pages": [
        {
            "page_idx": 0,
            "dimensions": [
                295,
                602
            ],
            "orientation": {
                "value": null,
                "confidence": null
            },
            "language": {
                "value": null,
                "confidence": null
            },
            "blocks": [
                {
                    "geometry": [
                        [
                            0.1845703125,
                            0.0537109375
                        ],
                        [
                            0.349609375,
                            0.1689453125
                        ]
                    ],
                    "lines": [
                        {
                            "geometry": [
                                [
                                    0.1845703125,
                                    0.0537109375
                                ],
                                [
                                    0.349609375,
                                    0.1689453125
                                ]
                            ],
                            "words": [
                                {
                                    "value": "\u091d\u093e\u0924\u0947-",
                                    "confidence": 0.5420879125595093,
                                    "geometry": [
                                        [
                                            0.1845703125,
                                            0.0537109375
                                        ],
                                        [
                                            0.349609375,
                                            0.1689453125
                                        ]
                                    ]
                                },
                                {
                                    "value": "\u090b\u0928\u0928\u0928\u0942\u0928",
                                    "confidence": 0.3784588575363159,
                                    "geometry": [
                                        [
                                            0.236328125,
                                            0.0625
                                        ],
                                        [
                                            0.2724609375,
                                            0.087890625
                                        ]
                                    ]
                                }
                            ]
                        }
                    ],
                    "artefacts": []
                },
                {
                    "geometry": [
                        [
                            0.3193359375,
                            0.0859375
                        ],
                        [
                            0.3701171875,
                            0.1298828125
                        ]
                    ],
                    "lines": [
                        {
                            "geometry": [
                                [
                                    0.3193359375,
                                    0.0859375
                                ],
                                [
                                    0.3701171875,
                                    0.1298828125
                                ]
                            ],
                            "words": [
                                {
                                    "value": "\u090b\u094d\u0935",
                                    "confidence": 0.38230016827583313,
                                    "geometry": [
                                        [
                                            0.3193359375,
                                            0.0859375
                                        ],
                                        [
                                            0.3701171875,
                                            0.1298828125
                                        ]
                                    ]
                                }
                            ]
                        }
                    ],
                    "artefacts": []
                },
                {
                    "geometry": [
                        [
                            0.544921875,
                            0.0859375
                        ],
                        [
                            0.7255859375,
                            0.1845703125
                        ]
                    ],
                    "lines": [
                        {
                            "geometry": [
                                [
                                    0.544921875,
                                    0.0859375
                                ],
                                [
                                    0.7255859375,
                                    0.1845703125
                                ]
                            ],
                            "words": [
                                {
                                    "value": "\u0924\u0947\u091b\u094d\u091b\u0942\u092a\u0924\u0947\u0903\u0924\u094d\u0947",
                                    "confidence": 0.3867749571800232,
                                    "geometry": [
                                        [
                                            0.544921875,
                                            0.0859375
                                        ],
                                        [
                                            0.7255859375,
                                            0.1845703125
                                        ]
                                    ]
                                }
                            ]
                        }
                    ],
                    "artefacts": []
                },
                {
                    "geometry": [
                        [
                            0.0234375,
                            0.27734375
                        ],
                        [
                            0.080078125,
                            0.3701171875
                        ]
                    ],
                    "lines": [
                        {
                            "geometry": [
                                [
                                    0.046875,
                                    0.27734375
                                ],
                                [
                                    0.0791015625,
                                    0.3212890625
                                ]
                            ],
                            "words": [
                                {
                                    "value": "\u0924\u0924\u093f-\u0947",
                                    "confidence": 0.4010794460773468,