{
    "pages": [
        {
            "page_idx": 0,
            "dimensions": [
                210,
                338
            ],
            "orientation": {
                "value": null,
                "confidence": null
            },
            "language": {
                "value": null,
                "confidence": null
            },
            "blocks": [
                {
                    "geometry": [
                        [
                            0.5078125,
                            0.1455078125
                        ],
                        [
                            0.7685546875,
                            0.2529296875
                        ]
                    ],
                    "lines": [
                        {
                            "geometry": [
                                [
                                    0.5078125,
                                    0.1455078125
                                ],
                                [
                                    0.7685546875,
                                    0.2529296875
                                ]
                            ],
                            "words": [
                                {
                                    "value": "\u06a9\u06c1\u0645\u0642\u0627\u0631\u062a",
                                    "confidence": 0.5383128523826599,
                                    "geometry": [
                                        [
                                            0.5078125,
                                            0.1455078125
                                        ],
                                        [
                                            0.7685546875,
                                            0.2529296875
                                        ]
                                    ]
                                }
                            ]
                        }
                    ],
                    "artefacts": []
                },
                {
                    "geometry": [
                        [
                            0.521484375,
                            0.4326171875
                        ],
                        [
                            0.7060546875,
                            0.583984375
                        ]
                    ],
                    "lines": [
                        {
                            "geometry": [
                                [
                                    0.521484375,
                                    0.4326171875
                                ],
                                [
                                    0.7060546875,
                                    0.583984375
                                ]
                            ],
                            "words": [
                                {
                                    "value": "\u062e\u0627\u062a",
                                    "confidence": 0.9137129783630371,
                                    "geometry": [
                                        [
                                            0.521484375,
                                            0.4326171875
                                        ],
                                        [
                                            0.7060546875,
                                            0.583984375
                                        ]
                                    ]
                                }
                            ]
                        }
                    ],
                    "artefacts": []
                },
                {
                    "geometry": [
                        [
                            0.5234375,
                            0.74609375
                        ],
                        [
                            0.6494140625,
                            0.87890625
                        ]
                    ],
                    "lines": [
                        {
                            "geometry": [
                                [
                                    0.5234375,
                                    0.74609375
                                ],
                                [
                                    0.6494140625,
                                    0.87890625
                                ]
                            ],
                            "words": [
                                {
                                    "value": "\u0631\u0639\u063a",
                                    "confidence": 0.43388739228248596,
                                    "geometry": [
                                        [
                                            0.5234375,
                                            0.74609375
                                        ],
                                        [
                                            0.6494140625,
                                            0.87890625
                                        ]
                                    ]
                                }
                            ]
                        }
                    ],
                    "artefacts": []
                }
            ]
        }
    ]
}