{
    "pages": [
        {
            "page_idx": 0,
            "dimensions": [
                763,
                685
            ],
            "orientation": {
                "value": null,
                "confidence": null
            },
            "language": {
                "value": null,
                "confidence": null
            },
            "blocks": [
                {
                    "geometry": [
                        [
                            0.2021484375,
                            0.0791015625
                        ],
                        [
                            0.89453125,
                            0.16015625
                        ]
                    ],
                    "lines": [
                        {
                            "geometry": [
                                [
                                    0.2021484375,
                                    0.0791015625
                                ],
                                [
                                    0.89453125,
                                    0.16015625
                                ]
                            ],
                            "words": [
                                {
                                    "value": "\u062a\u06a9\u06cc\u067e\u062f\u0627\u06a9",
                                    "confidence": 0.21226286888122559,
                                    "geometry": [
                                        [
                                            0.2021484375,
                                            0.0791015625
                                        ],
                                        [
                                            0.89453125,
                                            0.16015625
                                        ]
                                    ]
                                }
                            ]
                        }
                    ],
                    "artefacts": []
                },
                {
                    "geometry": [
                        [
                            0.09765625,
                            0.2060546875
                        ],
                        [
                            0.9033203125,
                            0.3310546875
                        ]
                    ],
                    "lines": [
                        {
                            "geometry": [
                                [
                                    0.09765625,
                                    0.2060546875
                                ],
                                [
                                    0.9033203125,
                                    0.3310546875
                                ]
                            ],
                            "words": [
                                {
                                    "value": "\u062a\u06cc\u0645\u06cc\u0645\u062a\u0627\u0646",
                                    "confidence": 0.2462598979473114,
                                    "geometry": [
                                        [
                                            0.09765625,
                                            0.2060546875
                                        ],
                                        [
                                            0.9033203125,
                                            0.3310546875
                                        ]
                                    ]
                                }
                            ]
                        }
                    ],
                    "artefacts": []
                },
                {
                    "geometry": [
                        [
                            0.08203125,
                            0.3740234375
                        ],
                        [
                            0.7861328125,
                            0.46875
                        ]
                    ],
                    "lines": [
                        {
                            "geometry": [
                                [
                                    0.08203125,
                                    0.3740234375
                                ],
                                [
                                    0.7861328125,
                                    0.46875
                                ]
                            ],
                            "words": [
                                {
                                    "value": "\u0613\u0646\u0627\u0634\u0686\u06c1",
                                    "confidence": 0.23086713254451752,
                                    "geometry": [
                                        [
                                            0.08203125,
                                            0.3740234375
                                        ],
                                        [
                                            0.7861328125,
                                            0.46875
                                        ]
                                    ]
                                }
                            ]
                        }
                    ],
                    "artefacts": []
                },
                {
                    "geometry": [
                        [
                            0.12109375,
                            0.505859375
                        ],
                        [
                            0.9033203125,
                            0.626953125
                        ]
                    ],
                    "lines": [
                        {
                            "geometry": [
                                [
                                    0.12109375,
                                    0.505859375
                                ],
                                [
                                    0.9033203125,
                                    0.626953125
                                ]
                            ],
                            "words": [
                                {
                                    "value": "\u0613\u0627\u0626\u067e\u0648\u067e\u06cc\u0648\u0646",
                                    "confidence": 0.20775701105594635,
                                    "geometry": [
                                        [
                                            0.12109375,
                                            0.505859375
                                        ],
                                        [
                                            0.9033203125,
                                            0.626953125
                                        ]
                                    ]
                                }
                            ]
                        }
                    ],
                    "artefacts": []
                },
                {
                    "geometry": [
                        [
                            0.1474609375,
                            0.669921875
                        ],
                        [
                            0.900390625,
                            0.7783203125
                        ]
                    ],
                    "lines": [
                        {
                            "geometry": [
                                [
                                    0.1474609375,
                                    0.669921875
                                ],
                                [
                                    0.900390625,
                                    0.7783203125
                                ]
                            ],