{
    "pages": [
        {
            "page_idx": 0,
            "dimensions": [
                818,
                685
            ],
            "orientation": {
                "value": null,
                "confidence": null
            },
            "language": {
                "value": null,
                "confidence": null
            },
            "blocks": [
                {
                    "geometry": [
                        [
                            0.0625,
                            0.0341796875
                        ],
                        [
                            0.958984375,
                            0.138671875
                        ]
                    ],
                    "lines": [
                        {
                            "geometry": [
                                [
                                    0.0625,
                                    0.0341796875
                                ],
                                [
                                    0.958984375,
                                    0.138671875
                                ]
                            ],
                            "words": [
                                {
                                    "value": "\u0622\u062e\u0631\u062e\u06a9\u0631\u0634\u0632\u0648\u06ba",
                                    "confidence": 0.19830721616744995,
                                    "geometry": [
                                        [
                                            0.0625,
                                            0.0341796875
                                        ],
                                        [
                                            0.958984375,
                                            0.138671875
                                        ]
                                    ]
                                }
                            ]
                        }
                    ],
                    "artefacts": []
                },
                {
                    "geometry": [
                        [
                            0.154296875,
                            0.20703125
                        ],
                        [
                            0.5712890625,
                            0.2890625
                        ]
                    ],
                    "lines": [
                        {
                            "geometry": [
                                [
                                    0.154296875,
                                    0.20703125
                                ],
                                [
                                    0.5712890625,
                                    0.2890625
                                ]
                            ],
                            "words": [
                                {
                                    "value": "\u062a\u0627\u06cc\u0634\u0627\u06c1",
                                    "confidence": 0.38176438212394714,
                                    "geometry": [
                                        [
                                            0.154296875,
                                            0.20703125
                                        ],
                                        [
                                            0.5712890625,
                                            0.2890625
                                        ]
                                    ]
                                }
                            ]
                        }
                    ],
                    "artefacts": []
                },
                {
                    "geometry": [
                        [
                            0.7431640625,
                            0.2041015625
                        ],
                        [
                            0.9443359375,
                            0.2705078125
                        ]
                    ],
                    "lines": [
                        {
                            "geometry": [
                                [
                                    0.7431640625,
                                    0.2041015625
                                ],
                                [
                                    0.9443359375,
                                    0.2705078125
                                ]
                            ],
                            "words": [
                                {
                                    "value": "\u062c\u0679\u06cc\u06a9",
                                    "confidence": 0.5465777516365051,
                                    "geometry": [
                                        [
                                            0.7431640625,
                                            0.2041015625
                                        ],
                                        [
                                            0.9443359375,
                                            0.2705078125
                                        ]
                                    ]
                                }
                            ]
                        }
                    ],
                    "artefacts": []
                },
                {
                    "geometry": [
                        [
                            0.025390625,
                            0.3505859375
                        ],
                        [
                            0.9716796875,
                            0.474609375
                        ]
                    ],
                    "lines": [
                        {
                            "geometry": [
                                [
                                    0.025390625,
                                    0.3505859375
                                ],
                                [
                                    0.9716796875,
                                    0.474609375
                                ]
                            ],
                            "words": [
                                {
                                    "value": "\u0613\u0627\u0631\u06c1\u0633\u0627\u0631\u0626\u0632\u06af",
                                    "confidence": 0.2488638460636139,
                                    "geometry": [
                                        [
                                            0.025390625,
                                            0.3505859375
                                        ],
                                        [
                                            0.9716796875,
                                            0.474609375
                                        ]
                                    ]
                                }
                            ]
                        }
                    ],
                    "artefacts": []
                },
                {
                    "geometry": [
                        [
                            0.005859375,
                            0.525390625
                        ],
                        [
                            0.291015625,
                            0.619140625
                        ]
                    ],
                    "lines": [
                        {
                            "geometry": [
                                [
                                    0.005859375,
                                    0.525390625
                                ],
                                [
                                    0.291015625,
                                    0.619140625
                                ]
                            ],